{"cameraMode":{"drawMode":0,"name":"Shaded","section":"Shading Mode"},"sceneLighting":true,"audioPlay":false,"sceneViewState":{"showFog":true,"showMaterialUpdate":false,"showSkybox":true,"showFlares":true,"showImageEffects":true,"showParticleSystems":true},"in2DMode":false,"pivot":{"x":509.290283203125,"y":179.65298461914063,"z":52.40087890625},"rotation":{"x":-0.014571073465049267,"y":-0.13665886223316194,"z":0.0020101917907595636,"w":-0.9905099272727966},"size":438.92340087890627,"orthographic":false}