{"cameraMode":{"drawMode":0,"name":"Shaded","section":"Shading Mode"},"sceneLighting":true,"audioPlay":false,"sceneViewState":{"showFog":true,"showMaterialUpdate":false,"showSkybox":true,"showFlares":true,"showImageEffects":true,"showParticleSystems":true},"in2DMode":false,"pivot":{"x":758.0873413085938,"y":266.6076354980469,"z":30.02189826965332},"rotation":{"x":-0.022498080506920816,"y":0.0014996218960732222,"z":0.00003374710286152549,"w":0.999745786190033},"size":114.93431091308594,"orthographic":true}